-- CATEGORIES
insert into category(id, name, slug) values
 ('6e55fff9-4c4d-4e78-ac12-941581bf05a9', 'BREADS AND BAKERY', 'breads-and-bakery'),
 ('9276a0ff-a6bf-44e8-9511-8220a6f7b8e7', 'COOKIES', 'cookies'),
 ('c931be3e-8935-4694-85e7-50f17fca7841', 'DARK CHOCOLATES', 'dark-chocolates'),
 ('7c5e009b-7e4b-426c-b528-872ee3a30831', 'HEALTHY CHIPS', 'healthy-chips'),
 ('fae722c2-cff0-45e6-9f8e-2d32a17d2620', 'HEALTHY SNACKS', 'healthy-snacks'),
 ('dfc4eaa9-4215-48fd-bf17-f96eb56ea848', 'ICE CREAM', 'ice-cream'),
 ('53dc59e4-2ac3-40ee-a305-61fe157ce6f1', 'KETCHUP', 'ketchup'),
 ('6a90815f-ba2b-476e-8c4c-87d598ee9163', 'MILK CHOCOLATES', 'milk-chocolates'),
 ('1d00da8e-bd63-4f85-a463-ec9e94c6abcc', 'NATURAL CHEWING GUMS', 'natural-chewing-gums'),
 ('2493f6fa-1b83-45e6-a2e9-392dcf0971dc', 'NOODLES', 'noodles'),
 ('eafff77f-3407-4fc3-bd70-bba06ac84a64', 'PASTAS', 'pastas'),
 ('bc6b6ea0-6722-45a4-969f-18e9b4917578', 'PROTEIN MILKSHAKES', 'protein-milkshakes'),
 ('a1fa63fc-d6b8-4626-a04b-5d15512db74f', 'PROTEIN OATS', 'protein-oats'),
 ('bfc7372d-1487-467f-b267-8e6bd6a9488e', 'SUGAR FREE POPS', 'sugar-free-pops');

-- BRANDS
insert into brand(id, name, slug, is_house_brand) values
 ('2784c90f-b230-499c-830a-468682a06837', 'SafeSnack Originals', 'safesnack-originals', true),
 ('8f13842b-ba08-4b1f-ba88-6cc4c890459c', 'Amul', 'amul', false),
 ('6f0a923a-6fc9-4eb7-ae24-67085fdbae49', 'ANUTTAMA', 'anuttama', false),
 ('140e52fd-3b40-4146-9160-371f1f5a14f3', 'Lindt', 'lindt', false),
 ('020da303-eab1-4990-baac-d378781b8d39', 'Healthify', 'healthify', false),
 ('8286c334-632f-4c77-88c5-789e2aa29e37', 'SuperYou', 'superyou', false),
 ('cc03d461-70a3-4261-b666-bfcfefd25b18', 'Minus Thirty', 'minus-thirty', false),
 ('1d46867a-94f6-4e2c-b004-a83c0ac3ae5d', 'Yu', 'yu', false),
 ('4fb7d216-75e2-4595-8a7d-97f1331a1751', 'Epigamia', 'epigamia', false);

-- PRODUCTS
insert into product(id, name, slug, description, brand_id, category_id, dietary_tags, ingredients, benefits, story, featured_ingredients, serving_suggestions) values
 ('cca17164-6dda-4e86-a7b9-0248778401a3', 'CHOCO WALNUT BROWNIE', 'choco-walnut-brownie-1782', 'Delicious CHOCO WALNUT BROWNIE', '2784c90f-b230-499c-830a-468682a06837', '6e55fff9-4c4d-4e78-ac12-941581bf05a9', '{sugar-free}', 'Real ingredients', 'Healthy and tasty', 'A staple for any diet', 'Best ingredients', 'Enjoy anytime'),
 ('eb305bc9-7a54-4c84-8104-796267dc3660', 'Nutella Hazelnut Brownie', 'nutella-hazelnut-brownie-3159', 'Delicious Nutella Hazelnut Brownie', '2784c90f-b230-499c-830a-468682a06837', '6e55fff9-4c4d-4e78-ac12-941581bf05a9', '{sugar-free}', 'Real ingredients', 'Healthy and tasty', 'A staple for any diet', 'Best ingredients', 'Enjoy anytime'),
 ('aae04e92-6228-4c40-b512-72eb631d83a1', 'Quinoa and jaggery cake tub', 'quinoa-and-jaggery-cake-tub-7348', 'Delicious Quinoa and jaggery cake tub', '2784c90f-b230-499c-830a-468682a06837', '6e55fff9-4c4d-4e78-ac12-941581bf05a9', '{sugar-free}', 'Real ingredients', 'Healthy and tasty', 'A staple for any diet', 'Best ingredients', 'Enjoy anytime'),
 ('bf8c43d2-f92b-4333-8fc3-b0268622592d', 'Multimillet Cookies', 'multimillet-cookies-4626', 'Delicious Multimillet Cookies', '2784c90f-b230-499c-830a-468682a06837', '9276a0ff-a6bf-44e8-9511-8220a6f7b8e7', '{sugar-free}', 'Real ingredients', 'Healthy and tasty', 'A staple for any diet', 'Best ingredients', 'Enjoy anytime'),
 ('4c430a7b-85a8-4c6e-b806-9fca28c9e1e0', 'Amul SUGAR FREE 55% Dark chocolate', 'amul-sugar-free-55-dark-chocolate-433', 'Delicious Amul SUGAR FREE 55% Dark chocolate', '8f13842b-ba08-4b1f-ba88-6cc4c890459c', 'c931be3e-8935-4694-85e7-50f17fca7841', '{sugar-free}', 'Real ingredients', 'Healthy and tasty', 'A staple for any diet', 'Best ingredients', 'Enjoy anytime'),
 ('fa24f500-cafa-4e1f-b2f5-441cacdc8b6e', 'ANUTTAMA Dark chocolate 55%', 'anuttama-dark-chocolate-55-3844', 'Delicious ANUTTAMA Dark chocolate 55%', '6f0a923a-6fc9-4eb7-ae24-67085fdbae49', 'c931be3e-8935-4694-85e7-50f17fca7841', '{sugar-free}', 'Real ingredients', 'Healthy and tasty', 'A staple for any diet', 'Best ingredients', 'Enjoy anytime'),
 ('f0911dfe-a6d4-43a8-b7c8-f6fcbc9250ca', 'ANUTTAMA Dark chocolate 70%Dark,30% Dates', 'anuttama-dark-chocolate-70-dark-30-dates-1728', 'Delicious ANUTTAMA Dark chocolate 70%Dark,30% Dates', '6f0a923a-6fc9-4eb7-ae24-67085fdbae49', 'c931be3e-8935-4694-85e7-50f17fca7841', '{sugar-free}', 'Real ingredients', 'Healthy and tasty', 'A staple for any diet', 'Best ingredients', 'Enjoy anytime'),
 ('d91115a4-42ba-48e1-b188-61bc6f9bae5c', 'Lindt Excellence 99% Dark Cocoa', 'lindt-excellence-99-dark-cocoa-1569', 'Delicious Lindt Excellence 99% Dark Cocoa', '140e52fd-3b40-4146-9160-371f1f5a14f3', 'c931be3e-8935-4694-85e7-50f17fca7841', '{sugar-free}', 'Real ingredients', 'Healthy and tasty', 'A staple for any diet', 'Best ingredients', 'Enjoy anytime'),
 ('f03159f9-133f-4f11-8099-6f733312f07f', 'Makhana Chips(cheese and herbs)', 'makhana-chips-cheese-and-herbs-9360', 'Delicious Makhana Chips(cheese and herbs)', '2784c90f-b230-499c-830a-468682a06837', '7c5e009b-7e4b-426c-b528-872ee3a30831', '{sugar-free}', 'Real ingredients', 'Healthy and tasty', 'A staple for any diet', 'Best ingredients', 'Enjoy anytime'),
 ('6f6f1c6c-64d2-43db-9dab-8ae6a391ab8c', 'Zesty Masala Mix Veggie Chips', 'zesty-masala-mix-veggie-chips-7700', 'Delicious Zesty Masala Mix Veggie Chips', '2784c90f-b230-499c-830a-468682a06837', '7c5e009b-7e4b-426c-b528-872ee3a30831', '{sugar-free}', 'Real ingredients', 'Healthy and tasty', 'A staple for any diet', 'Best ingredients', 'Enjoy anytime'),
 ('aa00453a-f0f8-4da6-a761-2a7922ce20a0', 'BEETROOT CHIPS', 'beetroot-chips-1109', 'Delicious BEETROOT CHIPS', '2784c90f-b230-499c-830a-468682a06837', '7c5e009b-7e4b-426c-b528-872ee3a30831', '{sugar-free}', 'Real ingredients', 'Healthy and tasty', 'A staple for any diet', 'Best ingredients', 'Enjoy anytime'),
 ('1db8d97b-14fc-4ccd-a003-9362a2705765', 'Broccoli chips', 'broccoli-chips-9403', 'Delicious Broccoli chips', '2784c90f-b230-499c-830a-468682a06837', '7c5e009b-7e4b-426c-b528-872ee3a30831', '{sugar-free}', 'Real ingredients', 'Healthy and tasty', 'A staple for any diet', 'Best ingredients', 'Enjoy anytime'),
 ('965fdbec-8053-4ca0-9d25-2887673032f4', 'Healthify Mung Dal Chips (100g)', 'healthify-mung-dal-chips-100g-4061', 'Delicious Healthify Mung Dal Chips (100g)', '020da303-eab1-4990-baac-d378781b8d39', '7c5e009b-7e4b-426c-b528-872ee3a30831', '{sugar-free}', 'Real ingredients', 'Healthy and tasty', 'A staple for any diet', 'Best ingredients', 'Enjoy anytime'),
 ('ec824808-742f-4c37-a7c3-24e11c1fcfcd', 'Healthify Soya Chips (100g)', 'healthify-soya-chips-100g-4000', 'Delicious Healthify Soya Chips (100g)', '020da303-eab1-4990-baac-d378781b8d39', '7c5e009b-7e4b-426c-b528-872ee3a30831', '{sugar-free}', 'Real ingredients', 'Healthy and tasty', 'A staple for any diet', 'Best ingredients', 'Enjoy anytime'),
 ('f044c701-9abf-4c1a-bd18-17ede62cffa7', 'INDIAN MASALA', 'indian-masala-2502', 'Delicious INDIAN MASALA', '2784c90f-b230-499c-830a-468682a06837', '7c5e009b-7e4b-426c-b528-872ee3a30831', '{sugar-free}', 'Real ingredients', 'Healthy and tasty', 'A staple for any diet', 'Best ingredients', 'Enjoy anytime'),
 ('d7f3f6eb-371a-4d36-b2e1-885540c26311', 'Masala Punch Ragi Chips', 'masala-punch-ragi-chips-6018', 'Delicious Masala Punch Ragi Chips', '2784c90f-b230-499c-830a-468682a06837', '7c5e009b-7e4b-426c-b528-872ee3a30831', '{sugar-free}', 'Real ingredients', 'Healthy and tasty', 'A staple for any diet', 'Best ingredients', 'Enjoy anytime'),
 ('eb255ffb-8555-43a9-9458-2dcb81c519e6', 'Moong Dal Chips (Tangy Tomato)', 'moong-dal-chips-tangy-tomato-7279', 'Delicious Moong Dal Chips (Tangy Tomato)', '2784c90f-b230-499c-830a-468682a06837', '7c5e009b-7e4b-426c-b528-872ee3a30831', '{sugar-free}', 'Real ingredients', 'Healthy and tasty', 'A staple for any diet', 'Best ingredients', 'Enjoy anytime'),
 ('345c3386-6918-435c-8dd0-6551c90bf616', 'Palak Butter Murukku', 'palak-butter-murukku-6159', 'Delicious Palak Butter Murukku', '2784c90f-b230-499c-830a-468682a06837', '7c5e009b-7e4b-426c-b528-872ee3a30831', '{sugar-free}', 'Real ingredients', 'Healthy and tasty', 'A staple for any diet', 'Best ingredients', 'Enjoy anytime'),
 ('a85e7bed-1c7f-434b-a029-7ad27bcb3093', 'SOYA CHIPS', 'soya-chips-3169', 'Delicious SOYA CHIPS', '2784c90f-b230-499c-830a-468682a06837', '7c5e009b-7e4b-426c-b528-872ee3a30831', '{sugar-free}', 'Real ingredients', 'Healthy and tasty', 'A staple for any diet', 'Best ingredients', 'Enjoy anytime'),
 ('073decc1-6539-40b8-80d6-515cd7b1e496', 'SuperYou Multigrain Chips - Cheese & Tomato', 'superyou-multigrain-chips-cheese-tomato-5347', 'Delicious SuperYou Multigrain Chips - Cheese & Tomato', '8286c334-632f-4c77-88c5-789e2aa29e37', '7c5e009b-7e4b-426c-b528-872ee3a30831', '{sugar-free}', 'Real ingredients', 'Healthy and tasty', 'A staple for any diet', 'Best ingredients', 'Enjoy anytime'),
 ('547ea2d7-0519-480f-8965-693888e65738', 'SuperYou Multigrain Chips - Pudina Punch', 'superyou-multigrain-chips-pudina-punch-4306', 'Delicious SuperYou Multigrain Chips - Pudina Punch', '8286c334-632f-4c77-88c5-789e2aa29e37', '7c5e009b-7e4b-426c-b528-872ee3a30831', '{sugar-free}', 'Real ingredients', 'Healthy and tasty', 'A staple for any diet', 'Best ingredients', 'Enjoy anytime'),
 ('40a23cf4-c0cf-466b-a461-9d669bbec226', 'TANGY TOMATO', 'tangy-tomato-8829', 'Delicious TANGY TOMATO', '2784c90f-b230-499c-830a-468682a06837', '7c5e009b-7e4b-426c-b528-872ee3a30831', '{sugar-free}', 'Real ingredients', 'Healthy and tasty', 'A staple for any diet', 'Best ingredients', 'Enjoy anytime'),
 ('bd96c007-fefc-4154-9606-6f9bad421205', 'Traditional Ragi Chips', 'traditional-ragi-chips-3176', 'Delicious Traditional Ragi Chips', '2784c90f-b230-499c-830a-468682a06837', '7c5e009b-7e4b-426c-b528-872ee3a30831', '{sugar-free}', 'Real ingredients', 'Healthy and tasty', 'A staple for any diet', 'Best ingredients', 'Enjoy anytime'),
 ('abc46dd5-4b30-4e3f-b359-1d57d9fb420f', 'Cheese & Herbs Protein Puffs', 'cheese-herbs-protein-puffs-9285', 'Delicious Cheese & Herbs Protein Puffs', '2784c90f-b230-499c-830a-468682a06837', 'fae722c2-cff0-45e6-9f8e-2d32a17d2620', '{sugar-free}', 'Real ingredients', 'Healthy and tasty', 'A staple for any diet', 'Best ingredients', 'Enjoy anytime'),
 ('c8f5b797-1b29-4027-ae8e-f28365225aff', 'Tangy Tomato Protein Puffs', 'tangy-tomato-protein-puffs-4160', 'Delicious Tangy Tomato Protein Puffs', '2784c90f-b230-499c-830a-468682a06837', 'fae722c2-cff0-45e6-9f8e-2d32a17d2620', '{sugar-free}', 'Real ingredients', 'Healthy and tasty', 'A staple for any diet', 'Best ingredients', 'Enjoy anytime'),
 ('13986edf-be6b-4e72-b809-80c68b3c7938', 'Minus Thirty Espresso Mini Stick', 'minus-thirty-espresso-mini-stick-7763', 'Delicious Minus Thirty Espresso Mini Stick', 'cc03d461-70a3-4261-b666-bfcfefd25b18', 'dfc4eaa9-4215-48fd-bf17-f96eb56ea848', '{sugar-free}', 'Real ingredients', 'Healthy and tasty', 'A staple for any diet', 'Best ingredients', 'Enjoy anytime'),
 ('d3038374-c80f-44fd-bac3-38bda520a62b', 'MINUS THIRTY Coconut Ice Cream Cup', 'minus-thirty-coconut-ice-cream-cup-8170', 'Delicious MINUS THIRTY Coconut Ice Cream Cup', 'cc03d461-70a3-4261-b666-bfcfefd25b18', 'dfc4eaa9-4215-48fd-bf17-f96eb56ea848', '{sugar-free}', 'Real ingredients', 'Healthy and tasty', 'A staple for any diet', 'Best ingredients', 'Enjoy anytime'),
 ('cdbf7feb-309c-40b7-a289-6ae451838a09', 'MINUS THIRTY Coconut Ice Cream Mini Sticks', 'minus-thirty-coconut-ice-cream-mini-sticks-72', 'Delicious MINUS THIRTY Coconut Ice Cream Mini Sticks', 'cc03d461-70a3-4261-b666-bfcfefd25b18', 'dfc4eaa9-4215-48fd-bf17-f96eb56ea848', '{sugar-free}', 'Real ingredients', 'Healthy and tasty', 'A staple for any diet', 'Best ingredients', 'Enjoy anytime'),
 ('0ecfcc06-7aac-4017-a343-60cbdb98f875', 'MINUS THIRTY Coconut Ice Cream Tub', 'minus-thirty-coconut-ice-cream-tub-8386', 'Delicious MINUS THIRTY Coconut Ice Cream Tub', 'cc03d461-70a3-4261-b666-bfcfefd25b18', 'dfc4eaa9-4215-48fd-bf17-f96eb56ea848', '{sugar-free}', 'Real ingredients', 'Healthy and tasty', 'A staple for any diet', 'Best ingredients', 'Enjoy anytime'),
 ('424a09d7-ac6f-4fa3-86c4-75cc531374f3', 'MINUS THIRTY Double Chocolate Ice Cream Sticks', 'minus-thirty-double-chocolate-ice-cream-sticks-6206', 'Delicious MINUS THIRTY Double Chocolate Ice Cream Sticks', 'cc03d461-70a3-4261-b666-bfcfefd25b18', 'dfc4eaa9-4215-48fd-bf17-f96eb56ea848', '{sugar-free}', 'Real ingredients', 'Healthy and tasty', 'A staple for any diet', 'Best ingredients', 'Enjoy anytime'),
 ('28c32198-9367-4f9b-9255-9202e1f748e6', 'MINUS THIRTY Espresso Ice Cream Stick', 'minus-thirty-espresso-ice-cream-stick-933', 'Delicious MINUS THIRTY Espresso Ice Cream Stick', 'cc03d461-70a3-4261-b666-bfcfefd25b18', 'dfc4eaa9-4215-48fd-bf17-f96eb56ea848', '{sugar-free}', 'Real ingredients', 'Healthy and tasty', 'A staple for any diet', 'Best ingredients', 'Enjoy anytime'),
 ('d9c8db35-ff96-423c-80b5-77a6139abd3f', 'MINUS THIRTY Hazelnut Ice Cream Mini Sticks', 'minus-thirty-hazelnut-ice-cream-mini-sticks-3308', 'Delicious MINUS THIRTY Hazelnut Ice Cream Mini Sticks', 'cc03d461-70a3-4261-b666-bfcfefd25b18', 'dfc4eaa9-4215-48fd-bf17-f96eb56ea848', '{sugar-free}', 'Real ingredients', 'Healthy and tasty', 'A staple for any diet', 'Best ingredients', 'Enjoy anytime'),
 ('dca471a1-1ccb-49e8-b4d7-d2b0bffb820c', 'MINUS THIRTY Mint Choco Chip Ice Cream Mini Stick', 'minus-thirty-mint-choco-chip-ice-cream-mini-stick-659', 'Delicious MINUS THIRTY Mint Choco Chip Ice Cream Mini Stick', 'cc03d461-70a3-4261-b666-bfcfefd25b18', 'dfc4eaa9-4215-48fd-bf17-f96eb56ea848', '{sugar-free}', 'Real ingredients', 'Healthy and tasty', 'A staple for any diet', 'Best ingredients', 'Enjoy anytime'),
 ('8d8ab9d9-fea6-48fc-b11c-1da2878e49a1', 'Minus Thirty Pistachio Mini Stick', 'minus-thirty-pistachio-mini-stick-28', 'Delicious Minus Thirty Pistachio Mini Stick', 'cc03d461-70a3-4261-b666-bfcfefd25b18', 'dfc4eaa9-4215-48fd-bf17-f96eb56ea848', '{sugar-free}', 'Real ingredients', 'Healthy and tasty', 'A staple for any diet', 'Best ingredients', 'Enjoy anytime'),
 ('d987f92d-604a-4d71-93eb-9d73a11f624b', 'MINUS THIRTY Strawberry Ice Cream Sticks', 'minus-thirty-strawberry-ice-cream-sticks-1933', 'Delicious MINUS THIRTY Strawberry Ice Cream Sticks', 'cc03d461-70a3-4261-b666-bfcfefd25b18', 'dfc4eaa9-4215-48fd-bf17-f96eb56ea848', '{sugar-free}', 'Real ingredients', 'Healthy and tasty', 'A staple for any diet', 'Best ingredients', 'Enjoy anytime'),
 ('d993ac4b-d2ff-4191-aff3-be27ccf8d31a', 'MINUS THIRTY Vanilla Ice Cream Sticks', 'minus-thirty-vanilla-ice-cream-sticks-7507', 'Delicious MINUS THIRTY Vanilla Ice Cream Sticks', 'cc03d461-70a3-4261-b666-bfcfefd25b18', 'dfc4eaa9-4215-48fd-bf17-f96eb56ea848', '{sugar-free}', 'Real ingredients', 'Healthy and tasty', 'A staple for any diet', 'Best ingredients', 'Enjoy anytime'),
 ('8a25e42e-1c45-42e6-b9e9-de2185522249', 'Tomato Ketchup', 'tomato-ketchup-5584', 'Delicious Tomato Ketchup', '2784c90f-b230-499c-830a-468682a06837', '53dc59e4-2ac3-40ee-a305-61fe157ce6f1', '{sugar-free}', 'Real ingredients', 'Healthy and tasty', 'A staple for any diet', 'Best ingredients', 'Enjoy anytime'),
 ('b8306fd7-6fbb-4b4a-8d37-6150c9042e19', 'A2 milk 48% ( Milk Chocolate)', 'a2-milk-48-milk-chocolate-3213', 'Delicious A2 milk 48% ( Milk Chocolate)', '2784c90f-b230-499c-830a-468682a06837', '6a90815f-ba2b-476e-8c4c-87d598ee9163', '{sugar-free}', 'Real ingredients', 'Healthy and tasty', 'A staple for any diet', 'Best ingredients', 'Enjoy anytime'),
 ('8da2639f-ffb6-4c51-a43c-1318aede50df', 'Charcoal+spearmint Natural Chewing Gums', 'charcoal-spearmint-natural-chewing-gums-1103', 'Delicious Charcoal+spearmint Natural Chewing Gums', '2784c90f-b230-499c-830a-468682a06837', '1d00da8e-bd63-4f85-a463-ec9e94c6abcc', '{sugar-free}', 'Real ingredients', 'Healthy and tasty', 'A staple for any diet', 'Best ingredients', 'Enjoy anytime'),
 ('deaf1e95-ae8c-4682-9e4e-953c85fe42e4', 'Mellow Mint Dental Chewing Gums', 'mellow-mint-dental-chewing-gums-1091', 'Delicious Mellow Mint Dental Chewing Gums', '2784c90f-b230-499c-830a-468682a06837', '1d00da8e-bd63-4f85-a463-ec9e94c6abcc', '{sugar-free}', 'Real ingredients', 'Healthy and tasty', 'A staple for any diet', 'Best ingredients', 'Enjoy anytime'),
 ('1af27934-4b19-4975-94e0-f998c1369387', 'Mint Caffeinated Chewing Gums', 'mint-caffeinated-chewing-gums-1130', 'Delicious Mint Caffeinated Chewing Gums', '2784c90f-b230-499c-830a-468682a06837', '1d00da8e-bd63-4f85-a463-ec9e94c6abcc', '{sugar-free}', 'Real ingredients', 'Healthy and tasty', 'A staple for any diet', 'Best ingredients', 'Enjoy anytime'),
 ('c31e9cc7-cb62-4f5c-855c-839bd4386909', 'Raspberry Caffeinated Chewing Gum', 'raspberry-caffeinated-chewing-gum-7409', 'Delicious Raspberry Caffeinated Chewing Gum', '2784c90f-b230-499c-830a-468682a06837', '1d00da8e-bd63-4f85-a463-ec9e94c6abcc', '{sugar-free}', 'Real ingredients', 'Healthy and tasty', 'A staple for any diet', 'Best ingredients', 'Enjoy anytime'),
 ('d455a665-94f3-4a7c-9b96-58107ca55e4b', 'Raspberry Natural Chewing Gums', 'raspberry-natural-chewing-gums-483', 'Delicious Raspberry Natural Chewing Gums', '2784c90f-b230-499c-830a-468682a06837', '1d00da8e-bd63-4f85-a463-ec9e94c6abcc', '{sugar-free}', 'Real ingredients', 'Healthy and tasty', 'A staple for any diet', 'Best ingredients', 'Enjoy anytime'),
 ('6aaf262f-4def-40c0-9264-475c187ab19d', 'Sicilian Lemon Chewing Gums', 'sicilian-lemon-chewing-gums-1540', 'Delicious Sicilian Lemon Chewing Gums', '2784c90f-b230-499c-830a-468682a06837', '1d00da8e-bd63-4f85-a463-ec9e94c6abcc', '{sugar-free}', 'Real ingredients', 'Healthy and tasty', 'A staple for any diet', 'Best ingredients', 'Enjoy anytime'),
 ('846dd698-9027-444f-8968-b9bf93bf53a5', 'Strawberry Natural Chewing Gums', 'strawberry-natural-chewing-gums-180', 'Delicious Strawberry Natural Chewing Gums', '2784c90f-b230-499c-830a-468682a06837', '1d00da8e-bd63-4f85-a463-ec9e94c6abcc', '{sugar-free}', 'Real ingredients', 'Healthy and tasty', 'A staple for any diet', 'Best ingredients', 'Enjoy anytime'),
 ('b85e2c12-d4ed-46ec-b958-b0492e0533ef', 'Multi millet noodles', 'multi-millet-noodles-2659', 'Delicious Multi millet noodles', '2784c90f-b230-499c-830a-468682a06837', '2493f6fa-1b83-45e6-a2e9-392dcf0971dc', '{sugar-free}', 'Real ingredients', 'Healthy and tasty', 'A staple for any diet', 'Best ingredients', 'Enjoy anytime'),
 ('916f326d-c90c-48b5-8652-b8dbab6363b2', 'Yu Veg Hakka Noodles -Small Pack', 'yu-veg-hakka-noodles-small-pack-1775', 'Delicious Yu Veg Hakka Noodles -Small Pack', '1d46867a-94f6-4e2c-b004-a83c0ac3ae5d', '2493f6fa-1b83-45e6-a2e9-392dcf0971dc', '{sugar-free}', 'Real ingredients', 'Healthy and tasty', 'A staple for any diet', 'Best ingredients', 'Enjoy anytime'),
 ('b9f5f903-5521-4bf0-9de9-d8b0a62bac69', 'YU Veg Hakka Noodles-FamilyPack', 'yu-veg-hakka-noodles-familypack-9941', 'Delicious YU Veg Hakka Noodles-FamilyPack', '1d46867a-94f6-4e2c-b004-a83c0ac3ae5d', '2493f6fa-1b83-45e6-a2e9-392dcf0971dc', '{sugar-free}', 'Real ingredients', 'Healthy and tasty', 'A staple for any diet', 'Best ingredients', 'Enjoy anytime'),
 ('eee0fac9-cbcd-40ef-828f-457339a24561', 'YU Whole Wheat Noodles - Family Pack', 'yu-whole-wheat-noodles-family-pack-5456', 'Delicious YU Whole Wheat Noodles - Family Pack', '1d46867a-94f6-4e2c-b004-a83c0ac3ae5d', '2493f6fa-1b83-45e6-a2e9-392dcf0971dc', '{sugar-free}', 'Real ingredients', 'Healthy and tasty', 'A staple for any diet', 'Best ingredients', 'Enjoy anytime'),
 ('26486c04-6d49-476e-9493-0921bf1d030c', 'Yu Whole Wheat Noodles - Jalapeno Cheese', 'yu-whole-wheat-noodles-jalapeno-cheese-596', 'Delicious Yu Whole Wheat Noodles - Jalapeno Cheese', '1d46867a-94f6-4e2c-b004-a83c0ac3ae5d', '2493f6fa-1b83-45e6-a2e9-392dcf0971dc', '{sugar-free}', 'Real ingredients', 'Healthy and tasty', 'A staple for any diet', 'Best ingredients', 'Enjoy anytime'),
 ('331b7880-80e7-42fe-bdc7-cc6e263cdb25', 'YU Whole Wheat Noodles - Small Pack', 'yu-whole-wheat-noodles-small-pack-522', 'Delicious YU Whole Wheat Noodles - Small Pack', '1d46867a-94f6-4e2c-b004-a83c0ac3ae5d', '2493f6fa-1b83-45e6-a2e9-392dcf0971dc', '{sugar-free}', 'Real ingredients', 'Healthy and tasty', 'A staple for any diet', 'Best ingredients', 'Enjoy anytime'),
 ('8881d7ce-483f-4140-a7a9-3877ce5550dc', 'YU ITALIAN CHEESE SAUCE PASTA', 'yu-italian-cheese-sauce-pasta-1446', 'Delicious YU ITALIAN CHEESE SAUCE PASTA', '1d46867a-94f6-4e2c-b004-a83c0ac3ae5d', 'eafff77f-3407-4fc3-bd70-bba06ac84a64', '{sugar-free}', 'Real ingredients', 'Healthy and tasty', 'A staple for any diet', 'Best ingredients', 'Enjoy anytime'),
 ('a5fe6690-ca45-4762-a346-1992a1d93819', 'YU Italian Pink Sauce Pasta', 'yu-italian-pink-sauce-pasta-7643', 'Delicious YU Italian Pink Sauce Pasta', '1d46867a-94f6-4e2c-b004-a83c0ac3ae5d', 'eafff77f-3407-4fc3-bd70-bba06ac84a64', '{sugar-free}', 'Real ingredients', 'Healthy and tasty', 'A staple for any diet', 'Best ingredients', 'Enjoy anytime'),
 ('a4de8db7-706d-4f98-aecd-284362faefa5', 'Yu Three Cheese Instant Cup Pasta', 'yu-three-cheese-instant-cup-pasta-5562', 'Delicious Yu Three Cheese Instant Cup Pasta', '1d46867a-94f6-4e2c-b004-a83c0ac3ae5d', 'eafff77f-3407-4fc3-bd70-bba06ac84a64', '{sugar-free}', 'Real ingredients', 'Healthy and tasty', 'A staple for any diet', 'Best ingredients', 'Enjoy anytime'),
 ('129c76e9-215d-4e42-991f-5a9f6034a2f5', 'Epigamia chocolate Turbo protein milkshake', 'epigamia-chocolate-turbo-protein-milkshake-2005', 'Delicious Epigamia chocolate Turbo protein milkshake', '4fb7d216-75e2-4595-8a7d-97f1331a1751', 'bc6b6ea0-6722-45a4-969f-18e9b4917578', '{sugar-free}', 'Real ingredients', 'Healthy and tasty', 'A staple for any diet', 'Best ingredients', 'Enjoy anytime'),
 ('41381704-f5dd-41a6-bc97-e6b0d5181297', 'Epigamia Coffee Turbo Protein Milkshake', 'epigamia-coffee-turbo-protein-milkshake-7688', 'Delicious Epigamia Coffee Turbo Protein Milkshake', '4fb7d216-75e2-4595-8a7d-97f1331a1751', 'bc6b6ea0-6722-45a4-969f-18e9b4917578', '{sugar-free}', 'Real ingredients', 'Healthy and tasty', 'A staple for any diet', 'Best ingredients', 'Enjoy anytime'),
 ('ca7e9e3d-6ccc-4316-9917-713a72b3d361', 'Chocolate Super Oats high protein', 'chocolate-super-oats-high-protein-4414', 'Delicious Chocolate Super Oats high protein', '2784c90f-b230-499c-830a-468682a06837', 'a1fa63fc-d6b8-4626-a04b-5d15512db74f', '{sugar-free}', 'Real ingredients', 'Healthy and tasty', 'A staple for any diet', 'Best ingredients', 'Enjoy anytime'),
 ('1c326406-32c6-4324-896c-ea865e7e2648', 'V-SUGARFREE POPS', 'v-sugarfree-pops-158', 'Delicious V-SUGARFREE POPS', '2784c90f-b230-499c-830a-468682a06837', 'bfc7372d-1487-467f-b267-8e6bd6a9488e', '{sugar-free}', 'Real ingredients', 'Healthy and tasty', 'A staple for any diet', 'Best ingredients', 'Enjoy anytime');

-- VARIANTS
insert into variant(id, product_id, label, price, compare_at_price, sku) values
 ('3cbf90c3-0bb0-4da0-80b1-9c6f43cd8ddb', 'cca17164-6dda-4e86-a7b9-0248778401a3', '50 g', 150, null, 'SKU-1000'),
 ('77498714-c4af-4e44-acf9-349d5a7a7f78', 'eb305bc9-7a54-4c84-8104-796267dc3660', '50 g', 150, null, 'SKU-1001'),
 ('26e5809c-723f-44e1-88b2-cef035bc3905', 'aae04e92-6228-4c40-b512-72eb631d83a1', '50 g', 250, null, 'SKU-1002'),
 ('b65f026a-4b45-46b6-8a68-b13d16a78921', 'bf8c43d2-f92b-4333-8fc3-b0268622592d', '80 g', 80, null, 'SKU-1003'),
 ('65ce287c-66e2-45bb-b17b-9f857e6461e6', '4c430a7b-85a8-4c6e-b806-9fca28c9e1e0', '150 g', 180, null, 'SKU-1004'),
 ('cbb8ff40-8c4d-4be1-bfc3-83e063e9e338', 'fa24f500-cafa-4e1f-b2f5-441cacdc8b6e', '50 g', 235, null, 'SKU-1005'),
 ('d6a6a0dd-db8b-4ea4-9dbb-3e3721ea04ed', 'f0911dfe-a6d4-43a8-b7c8-f6fcbc9250ca', '50 g', 215, null, 'SKU-1006'),
 ('903d9988-60c4-4f99-bc83-be87865dcfde', 'd91115a4-42ba-48e1-b188-61bc6f9bae5c', '100 g', 550, null, 'SKU-1007'),
 ('c213928f-f718-412b-bc01-dae282f6e21e', 'f03159f9-133f-4f11-8099-6f733312f07f', '40 g', 95, null, 'SKU-1008'),
 ('ce7b6b9e-4548-4a1d-8b03-1981db0dce2e', '6f6f1c6c-64d2-43db-9dab-8ae6a391ab8c', '70 g', 65, null, 'SKU-1009'),
 ('8f3677db-0448-40e9-a501-7aa93121629c', 'aa00453a-f0f8-4da6-a761-2a7922ce20a0', '100 g', 130, null, 'SKU-1010'),
 ('dc2a6166-0d55-42e6-915e-2e62ac1fa830', '1db8d97b-14fc-4ccd-a003-9362a2705765', '100 g', 160, null, 'SKU-1011'),
 ('44d9ed11-48d5-4df8-bbb4-4cf0247dbda1', '965fdbec-8053-4ca0-9d25-2887673032f4', '100 g', 150, null, 'SKU-1012'),
 ('a179dca7-988a-4341-b60b-d0057fefa8ca', 'ec824808-742f-4c37-a7c3-24e11c1fcfcd', '100 g', 150, null, 'SKU-1013'),
 ('163f14e9-a06a-448d-9329-4eb8bc435d3c', 'f044c701-9abf-4c1a-bd18-17ede62cffa7', '100 g', 40, null, 'SKU-1014'),
 ('8f0e5286-fdef-439e-8c3a-8acc2d1a94a0', 'd7f3f6eb-371a-4d36-b2e1-885540c26311', '70 g', 65, null, 'SKU-1015'),
 ('7ec78ed3-0813-411b-bd45-1e0b90656515', 'eb255ffb-8555-43a9-9458-2dcb81c519e6', '60 g', 65, null, 'SKU-1016'),
 ('e429a086-20ce-43fa-a5dd-a69e15b6e111', '345c3386-6918-435c-8dd0-6551c90bf616', '100 g', 130, null, 'SKU-1017'),
 ('5203046b-2750-4a28-9a4c-a6f5cc8c738c', 'a85e7bed-1c7f-434b-a029-7ad27bcb3093', '100 g', 130, null, 'SKU-1018'),
 ('d6c5e8f2-6a96-4ce5-a858-b5f644a8323e', '073decc1-6539-40b8-80d6-515cd7b1e496', '40 g', 40, null, 'SKU-1019'),
 ('3b3a81df-b183-43cb-9d2b-149a6d17fef2', '547ea2d7-0519-480f-8965-693888e65738', '40 g', 40, null, 'SKU-1020'),
 ('dd0e420e-7d23-441c-8481-045ce5ae2100', '40a23cf4-c0cf-466b-a461-9d669bbec226', '100 g', 40, null, 'SKU-1021'),
 ('ae6f88e1-f24f-4c3e-9551-2b4e52a8562b', 'bd96c007-fefc-4154-9606-6f9bad421205', '100 g', 130, null, 'SKU-1022'),
 ('a8b2d2c0-879a-4a37-9239-2acdb15aff7c', 'abc46dd5-4b30-4e3f-b359-1d57d9fb420f', '40 g', 38, null, 'SKU-1023'),
 ('ea110193-dee7-44fe-9967-7f00c2d9632f', 'c8f5b797-1b29-4027-ae8e-f28365225aff', '40 g', 38, null, 'SKU-1024'),
 ('e5731717-f791-4def-b3de-0d3430b6b3e2', '13986edf-be6b-4e72-b809-80c68b3c7938', '237 ml', 120, null, 'SKU-1025'),
 ('4cebc27f-8356-4c2a-8268-be253a47a38f', 'd3038374-c80f-44fd-bac3-38bda520a62b', '115 ml', 280, null, 'SKU-1026'),
 ('9c42ecc8-26e2-4cda-9601-31c91fa700b3', 'cdbf7feb-309c-40b7-a289-6ae451838a09', '40 g', 120, null, 'SKU-1027'),
 ('19793d68-e1bf-4b30-accb-7a18198acbcd', '0ecfcc06-7aac-4017-a343-60cbdb98f875', '500 ml', 925, null, 'SKU-1028'),
 ('63afc370-32c2-4b6b-af2f-15d6f2131b00', '424a09d7-ac6f-4fa3-86c4-75cc531374f3', '40 g', 120, null, 'SKU-1029'),
 ('299c4e75-68b3-4557-b30b-733c8199a0d4', '28c32198-9367-4f9b-9255-9202e1f748e6', '40 ml', 120, null, 'SKU-1030'),
 ('f2df0245-36fc-44a1-85ae-e3857d3b0714', 'd9c8db35-ff96-423c-80b5-77a6139abd3f', '40 g', 120, null, 'SKU-1031'),
 ('4e7050b1-a03b-4ddd-bade-f7993caccb19', 'dca471a1-1ccb-49e8-b4d7-d2b0bffb820c', '40 g', 120, null, 'SKU-1032'),
 ('873900c3-7e73-467f-85d0-5c4173682910', '8d8ab9d9-fea6-48fc-b11c-1da2878e49a1', '40 g', 120, null, 'SKU-1033'),
 ('1308b3a9-c722-4bdf-8a95-484822605bdd', 'd987f92d-604a-4d71-93eb-9d73a11f624b', '40 g', 120, null, 'SKU-1034'),
 ('b184667e-529c-47fd-8130-1dbc281326c0', 'd993ac4b-d2ff-4191-aff3-be27ccf8d31a', '40 ml', 120, null, 'SKU-1035'),
 ('a49d30f2-d36b-48e9-90b1-025f3ba8445c', '8a25e42e-1c45-42e6-b9e9-de2185522249', '340 g', 165, null, 'SKU-1036'),
 ('3c64c9fa-cfd3-4691-838f-be2fca0b7d43', 'b8306fd7-6fbb-4b4a-8d37-6150c9042e19', '100 g', 215, null, 'SKU-1037'),
 ('471ee8d3-a8e6-42c1-b570-b1ffb9e14f5f', '8da2639f-ffb6-4c51-a43c-1318aede50df', '10 g', 90, null, 'SKU-1038'),
 ('4e000912-5e42-4f57-ac1f-e2d4e6eef659', 'deaf1e95-ae8c-4682-9e4e-953c85fe42e4', '22 g', 200, null, 'SKU-1039'),
 ('e92941f4-a165-42e3-bdb0-2672752b5f32', '1af27934-4b19-4975-94e0-f998c1369387', '21 g', 150, null, 'SKU-1040'),
 ('67d35a23-f09a-44dc-a137-8d444365d6d4', 'c31e9cc7-cb62-4f5c-855c-839bd4386909', '20 g', 150, null, 'SKU-1041'),
 ('3cdd804d-a18b-4642-8251-092fc627b485', 'd455a665-94f3-4a7c-9b96-58107ca55e4b', '21 g', 99, null, 'SKU-1042'),
 ('cb89fdfd-673e-44ba-ada9-0beac9105a2d', '6aaf262f-4def-40c0-9264-475c187ab19d', '21 g', 90, null, 'SKU-1043'),
 ('fbc51939-2c6f-4ef3-9baa-418a82c68a46', '846dd698-9027-444f-8968-b9bf93bf53a5', '4.71 g', 99, null, 'SKU-1044'),
 ('7fd9e941-90d1-4ca1-8567-5d675143999e', 'b85e2c12-d4ed-46ec-b958-b0492e0533ef', '180 g', 149, null, 'SKU-1045'),
 ('44cae462-d88a-458e-9462-99268c7ece59', '916f326d-c90c-48b5-8652-b8dbab6363b2', '150 g', 45, null, 'SKU-1046'),
 ('af3210af-a46e-4545-b40e-e3c70ca57a26', 'b9f5f903-5521-4bf0-9de9-d8b0a62bac69', '600 g', 150, null, 'SKU-1047'),
 ('dfcfcedb-6fe3-4a2d-8471-bec7a5fc09ea', 'eee0fac9-cbcd-40ef-828f-457339a24561', '600 g', 199, null, 'SKU-1048'),
 ('7729a18d-fc52-4bcc-b9b8-be9757406f1e', '26486c04-6d49-476e-9493-0921bf1d030c', '70 g', 45, null, 'SKU-1049'),
 ('e9d3779b-d22d-4d3b-aecb-23471688318a', '331b7880-80e7-42fe-bdc7-cc6e263cdb25', '150 g', 55, null, 'SKU-1050'),
 ('6d4c8466-a0a5-4686-a154-c81251f09965', '8881d7ce-483f-4140-a7a9-3877ce5550dc', '65 g', 55, null, 'SKU-1051'),
 ('ab503ffd-d789-4fb5-a840-8ecd7251c9c0', 'a5fe6690-ca45-4762-a346-1992a1d93819', '65 g', 55, null, 'SKU-1052'),
 ('f203538c-9b4d-4ac3-a7ab-a771845b323a', 'a4de8db7-706d-4f98-aecd-284362faefa5', '65 g', 59, 95, 'SKU-1053'),
 ('3b617764-1180-4696-8c55-106361045ebd', '129c76e9-215d-4e42-991f-5a9f6034a2f5', '250 ml', 141, null, 'SKU-1054'),
 ('c1b44b6c-9c84-405c-9b07-3fecdb64a643', '41381704-f5dd-41a6-bc97-e6b0d5181297', '250 ml', 141, null, 'SKU-1055'),
 ('5c97d6b1-cec6-4329-8d31-edb0b37870bc', 'ca7e9e3d-6ccc-4316-9917-713a72b3d361', '1 kg', 519, null, 'SKU-1056'),
 ('af1f24ad-9be8-4c19-bff2-3386a9c6657d', '1c326406-32c6-4324-896c-ea865e7e2648', '10 g', 39, null, 'SKU-1057');

-- PRODUCT IMAGES
insert into product_image(id, product_id, url, type, sort_order) values
 ('05ed1439-d1a0-4fb6-97b9-068d4bca626f', 'cca17164-6dda-4e86-a7b9-0248778401a3', 'https://images.unsplash.com/photo-1509440159596-0249088772ff?q=80&w=1000&auto=format&fit=crop', 'PRIMARY', 0),
 ('e2a10054-726f-4d58-81dd-274eee459e21', 'eb305bc9-7a54-4c84-8104-796267dc3660', 'https://images.unsplash.com/photo-1509440159596-0249088772ff?q=80&w=1000&auto=format&fit=crop', 'PRIMARY', 0),
 ('675fde17-d346-4a1e-ba5e-b6682118d521', 'aae04e92-6228-4c40-b512-72eb631d83a1', 'https://images.unsplash.com/photo-1509440159596-0249088772ff?q=80&w=1000&auto=format&fit=crop', 'PRIMARY', 0),
 ('3c3490b4-960c-4944-a33f-b1d941691708', 'bf8c43d2-f92b-4333-8fc3-b0268622592d', 'https://images.unsplash.com/photo-1499636136210-6f4ee915583e?q=80&w=1000&auto=format&fit=crop', 'PRIMARY', 0),
 ('1fc2101e-177d-4f41-9b42-c0f7db3b2628', '4c430a7b-85a8-4c6e-b806-9fca28c9e1e0', 'https://images.unsplash.com/photo-1548883354-94cb862d64a2?q=80&w=1000&auto=format&fit=crop', 'PRIMARY', 0),
 ('2bd7b92f-e452-4a34-94ea-268def684ef9', 'fa24f500-cafa-4e1f-b2f5-441cacdc8b6e', 'https://images.unsplash.com/photo-1548883354-94cb862d64a2?q=80&w=1000&auto=format&fit=crop', 'PRIMARY', 0),
 ('16fd9702-1aa5-4de3-a8f3-22d315eb8143', 'f0911dfe-a6d4-43a8-b7c8-f6fcbc9250ca', 'https://images.unsplash.com/photo-1548883354-94cb862d64a2?q=80&w=1000&auto=format&fit=crop', 'PRIMARY', 0),
 ('c952e08e-fc8e-44d2-bde1-a335d2dcfb0f', 'd91115a4-42ba-48e1-b188-61bc6f9bae5c', 'https://images.unsplash.com/photo-1548883354-94cb862d64a2?q=80&w=1000&auto=format&fit=crop', 'PRIMARY', 0),
 ('d53dc15c-c462-4384-9a34-4504b82cc250', 'f03159f9-133f-4f11-8099-6f733312f07f', 'https://images.unsplash.com/photo-1566478989037-e924e525bb13?q=80&w=1000&auto=format&fit=crop', 'PRIMARY', 0),
 ('57fd0cad-c3a8-4c72-8fac-876915ac1740', '6f6f1c6c-64d2-43db-9dab-8ae6a391ab8c', 'https://images.unsplash.com/photo-1566478989037-e924e525bb13?q=80&w=1000&auto=format&fit=crop', 'PRIMARY', 0),
 ('e7237f30-112d-4281-993b-ff4cf0a1d984', 'aa00453a-f0f8-4da6-a761-2a7922ce20a0', 'https://images.unsplash.com/photo-1566478989037-e924e525bb13?q=80&w=1000&auto=format&fit=crop', 'PRIMARY', 0),
 ('3be990fd-2dc5-4c2b-986f-4fc168360385', '1db8d97b-14fc-4ccd-a003-9362a2705765', 'https://images.unsplash.com/photo-1566478989037-e924e525bb13?q=80&w=1000&auto=format&fit=crop', 'PRIMARY', 0),
 ('8720b8f4-b410-478c-a7a7-54f90ba38c11', '965fdbec-8053-4ca0-9d25-2887673032f4', 'https://images.unsplash.com/photo-1566478989037-e924e525bb13?q=80&w=1000&auto=format&fit=crop', 'PRIMARY', 0),
 ('0ae56f87-35d5-4236-ba23-da41b8fcdaac', 'ec824808-742f-4c37-a7c3-24e11c1fcfcd', 'https://images.unsplash.com/photo-1566478989037-e924e525bb13?q=80&w=1000&auto=format&fit=crop', 'PRIMARY', 0),
 ('345b9207-2781-4b7a-848b-e91693dfa47f', 'f044c701-9abf-4c1a-bd18-17ede62cffa7', 'https://images.unsplash.com/photo-1566478989037-e924e525bb13?q=80&w=1000&auto=format&fit=crop', 'PRIMARY', 0),
 ('053adfb0-c967-45fb-9b8e-75a08e280ac4', 'd7f3f6eb-371a-4d36-b2e1-885540c26311', 'https://images.unsplash.com/photo-1566478989037-e924e525bb13?q=80&w=1000&auto=format&fit=crop', 'PRIMARY', 0),
 ('13d921eb-dc4d-4e4c-aae1-0c7e1417ceb4', 'eb255ffb-8555-43a9-9458-2dcb81c519e6', 'https://images.unsplash.com/photo-1566478989037-e924e525bb13?q=80&w=1000&auto=format&fit=crop', 'PRIMARY', 0),
 ('a0fe7fc2-4d1a-477b-bff9-283833b83ab6', '345c3386-6918-435c-8dd0-6551c90bf616', 'https://images.unsplash.com/photo-1566478989037-e924e525bb13?q=80&w=1000&auto=format&fit=crop', 'PRIMARY', 0),
 ('6214dfd7-17a3-46a7-80de-d325dcbb5568', 'a85e7bed-1c7f-434b-a029-7ad27bcb3093', 'https://images.unsplash.com/photo-1566478989037-e924e525bb13?q=80&w=1000&auto=format&fit=crop', 'PRIMARY', 0),
 ('71e71e2f-096c-40d0-8f0b-713dc6da3cf6', '073decc1-6539-40b8-80d6-515cd7b1e496', 'https://images.unsplash.com/photo-1566478989037-e924e525bb13?q=80&w=1000&auto=format&fit=crop', 'PRIMARY', 0),
 ('0375e98d-4abf-49a4-9467-83c4a47b4f27', '547ea2d7-0519-480f-8965-693888e65738', 'https://images.unsplash.com/photo-1566478989037-e924e525bb13?q=80&w=1000&auto=format&fit=crop', 'PRIMARY', 0),
 ('52db3ecf-8247-4b50-8871-0cea54bff9e4', '40a23cf4-c0cf-466b-a461-9d669bbec226', 'https://images.unsplash.com/photo-1566478989037-e924e525bb13?q=80&w=1000&auto=format&fit=crop', 'PRIMARY', 0),
 ('399440b4-e3e5-44a4-89a3-15b5cbb77b75', 'bd96c007-fefc-4154-9606-6f9bad421205', 'https://images.unsplash.com/photo-1566478989037-e924e525bb13?q=80&w=1000&auto=format&fit=crop', 'PRIMARY', 0),
 ('9e361136-8d05-4111-a2e2-4464b43f06fe', 'abc46dd5-4b30-4e3f-b359-1d57d9fb420f', 'https://images.unsplash.com/photo-1600180766465-4f40f04c622a?q=80&w=1000&auto=format&fit=crop', 'PRIMARY', 0),
 ('79563cce-098e-4099-8d7a-426afc979960', 'c8f5b797-1b29-4027-ae8e-f28365225aff', 'https://images.unsplash.com/photo-1600180766465-4f40f04c622a?q=80&w=1000&auto=format&fit=crop', 'PRIMARY', 0),
 ('dedcee7b-a5eb-4132-8c35-612302548fed', '13986edf-be6b-4e72-b809-80c68b3c7938', 'https://images.unsplash.com/photo-1570197781417-0a5237505ed6?q=80&w=1000&auto=format&fit=crop', 'PRIMARY', 0),
 ('e59f7d0d-2d7f-4916-b742-5c62252bfc26', 'd3038374-c80f-44fd-bac3-38bda520a62b', 'https://images.unsplash.com/photo-1570197781417-0a5237505ed6?q=80&w=1000&auto=format&fit=crop', 'PRIMARY', 0),
 ('36551a4d-a6e9-47ce-9364-958027d7af89', 'cdbf7feb-309c-40b7-a289-6ae451838a09', 'https://images.unsplash.com/photo-1570197781417-0a5237505ed6?q=80&w=1000&auto=format&fit=crop', 'PRIMARY', 0),
 ('e7a27570-84ca-439f-a614-bc20948eea97', '0ecfcc06-7aac-4017-a343-60cbdb98f875', 'https://images.unsplash.com/photo-1570197781417-0a5237505ed6?q=80&w=1000&auto=format&fit=crop', 'PRIMARY', 0),
 ('e78e2928-2e50-4fc3-bd71-bd270f5dfa7a', '424a09d7-ac6f-4fa3-86c4-75cc531374f3', 'https://images.unsplash.com/photo-1570197781417-0a5237505ed6?q=80&w=1000&auto=format&fit=crop', 'PRIMARY', 0),
 ('de3669c7-811c-4135-b022-a4f81da98f28', '28c32198-9367-4f9b-9255-9202e1f748e6', 'https://images.unsplash.com/photo-1570197781417-0a5237505ed6?q=80&w=1000&auto=format&fit=crop', 'PRIMARY', 0),
 ('66907161-1bfe-46aa-9270-eb53bd4316b0', 'd9c8db35-ff96-423c-80b5-77a6139abd3f', 'https://images.unsplash.com/photo-1570197781417-0a5237505ed6?q=80&w=1000&auto=format&fit=crop', 'PRIMARY', 0),
 ('5871f6fe-0e52-4c57-9a0d-eae86f99e739', 'dca471a1-1ccb-49e8-b4d7-d2b0bffb820c', 'https://images.unsplash.com/photo-1570197781417-0a5237505ed6?q=80&w=1000&auto=format&fit=crop', 'PRIMARY', 0),
 ('6ef63689-49a2-4a2d-b47f-eef761b0809b', '8d8ab9d9-fea6-48fc-b11c-1da2878e49a1', 'https://images.unsplash.com/photo-1570197781417-0a5237505ed6?q=80&w=1000&auto=format&fit=crop', 'PRIMARY', 0),
 ('d6dcb535-5c06-48cf-b8d6-12c307093eed', 'd987f92d-604a-4d71-93eb-9d73a11f624b', 'https://images.unsplash.com/photo-1570197781417-0a5237505ed6?q=80&w=1000&auto=format&fit=crop', 'PRIMARY', 0),
 ('de7b0ab3-9efd-41af-91cb-5e8b9fe353ab', 'd993ac4b-d2ff-4191-aff3-be27ccf8d31a', 'https://images.unsplash.com/photo-1570197781417-0a5237505ed6?q=80&w=1000&auto=format&fit=crop', 'PRIMARY', 0),
 ('e847c048-5cc7-4fb8-93a3-5d92b84a264a', '8a25e42e-1c45-42e6-b9e9-de2185522249', 'https://images.unsplash.com/photo-1528751505234-45330e2ea854?q=80&w=1000&auto=format&fit=crop', 'PRIMARY', 0),
 ('877d6567-4059-435a-ab17-6438a4f3c29f', 'b8306fd7-6fbb-4b4a-8d37-6150c9042e19', 'https://images.unsplash.com/photo-1614088656111-e40636d10c26?q=80&w=1000&auto=format&fit=crop', 'PRIMARY', 0),
 ('9361ad54-5eda-4968-a030-112367bb9683', '8da2639f-ffb6-4c51-a43c-1318aede50df', 'https://images.unsplash.com/photo-1582260384405-b0b92d6e355c?q=80&w=1000&auto=format&fit=crop', 'PRIMARY', 0),
 ('f9e49d8d-8c28-4dd1-b1df-500a9df71f59', 'deaf1e95-ae8c-4682-9e4e-953c85fe42e4', 'https://images.unsplash.com/photo-1582260384405-b0b92d6e355c?q=80&w=1000&auto=format&fit=crop', 'PRIMARY', 0),
 ('3250c3b3-343e-4b6c-90d7-890f107b63a7', '1af27934-4b19-4975-94e0-f998c1369387', 'https://images.unsplash.com/photo-1582260384405-b0b92d6e355c?q=80&w=1000&auto=format&fit=crop', 'PRIMARY', 0),
 ('610db5c7-fee7-4d3b-9ffc-7d18e68f84e2', 'c31e9cc7-cb62-4f5c-855c-839bd4386909', 'https://images.unsplash.com/photo-1582260384405-b0b92d6e355c?q=80&w=1000&auto=format&fit=crop', 'PRIMARY', 0),
 ('f5a4b8b0-890a-4307-980a-bde1192be4e5', 'd455a665-94f3-4a7c-9b96-58107ca55e4b', 'https://images.unsplash.com/photo-1582260384405-b0b92d6e355c?q=80&w=1000&auto=format&fit=crop', 'PRIMARY', 0),
 ('95b9ea65-d75c-4f1c-a7a9-dd61563d360e', '6aaf262f-4def-40c0-9264-475c187ab19d', 'https://images.unsplash.com/photo-1582260384405-b0b92d6e355c?q=80&w=1000&auto=format&fit=crop', 'PRIMARY', 0),
 ('b06a60e6-6b96-4792-8078-05b3c89e71bd', '846dd698-9027-444f-8968-b9bf93bf53a5', 'https://images.unsplash.com/photo-1582260384405-b0b92d6e355c?q=80&w=1000&auto=format&fit=crop', 'PRIMARY', 0),
 ('2ce000d8-2ee0-4070-be3f-be670eb05cab', 'b85e2c12-d4ed-46ec-b958-b0492e0533ef', 'https://images.unsplash.com/photo-1612929633738-8fe01f7467c1?q=80&w=1000&auto=format&fit=crop', 'PRIMARY', 0),
 ('e672e1bb-e182-4c74-a03f-9c151a0a8330', '916f326d-c90c-48b5-8652-b8dbab6363b2', 'https://images.unsplash.com/photo-1612929633738-8fe01f7467c1?q=80&w=1000&auto=format&fit=crop', 'PRIMARY', 0),
 ('75988d57-cd79-43df-ab2f-7b35e8582d3b', 'b9f5f903-5521-4bf0-9de9-d8b0a62bac69', 'https://images.unsplash.com/photo-1612929633738-8fe01f7467c1?q=80&w=1000&auto=format&fit=crop', 'PRIMARY', 0),
 ('6f820c25-00d6-499f-b51a-1e355478a91f', 'eee0fac9-cbcd-40ef-828f-457339a24561', 'https://images.unsplash.com/photo-1612929633738-8fe01f7467c1?q=80&w=1000&auto=format&fit=crop', 'PRIMARY', 0),
 ('d60518d6-cf95-4e4a-b3bb-03ae861cacd7', '26486c04-6d49-476e-9493-0921bf1d030c', 'https://images.unsplash.com/photo-1612929633738-8fe01f7467c1?q=80&w=1000&auto=format&fit=crop', 'PRIMARY', 0),
 ('a7ca7d2b-3593-4088-b17d-d0543c5f9137', '331b7880-80e7-42fe-bdc7-cc6e263cdb25', 'https://images.unsplash.com/photo-1612929633738-8fe01f7467c1?q=80&w=1000&auto=format&fit=crop', 'PRIMARY', 0),
 ('79ff897d-20ca-4373-88c1-a771b4268ed4', '8881d7ce-483f-4140-a7a9-3877ce5550dc', 'https://images.unsplash.com/photo-1551183053-bf91a1d81141?q=80&w=1000&auto=format&fit=crop', 'PRIMARY', 0),
 ('404e7d41-da07-4141-ac2e-fe5b0ebb0783', 'a5fe6690-ca45-4762-a346-1992a1d93819', 'https://images.unsplash.com/photo-1551183053-bf91a1d81141?q=80&w=1000&auto=format&fit=crop', 'PRIMARY', 0),
 ('109ba067-f8c1-4a8a-a010-a67056333e05', 'a4de8db7-706d-4f98-aecd-284362faefa5', 'https://images.unsplash.com/photo-1551183053-bf91a1d81141?q=80&w=1000&auto=format&fit=crop', 'PRIMARY', 0),
 ('e45ecb8f-d5d5-4c9b-977c-d49d3e3f022f', '129c76e9-215d-4e42-991f-5a9f6034a2f5', 'https://images.unsplash.com/photo-1577805947697-89e18249d767?q=80&w=1000&auto=format&fit=crop', 'PRIMARY', 0),
 ('814b5ab7-0ecd-4e4c-82f0-4c4a753f5e3f', '41381704-f5dd-41a6-bc97-e6b0d5181297', 'https://images.unsplash.com/photo-1577805947697-89e18249d767?q=80&w=1000&auto=format&fit=crop', 'PRIMARY', 0),
 ('7c6ef8d3-dfc5-41b9-b2bd-d24e1c4e180a', 'ca7e9e3d-6ccc-4316-9917-713a72b3d361', 'https://images.unsplash.com/photo-1517673132405-a56a62b18caf?q=80&w=1000&auto=format&fit=crop', 'PRIMARY', 0),
 ('96bb4095-e209-4079-adc8-eaccd61d71f8', '1c326406-32c6-4324-896c-ea865e7e2648', 'https://images.unsplash.com/photo-1518114093931-e175d713c774?q=80&w=1000&auto=format&fit=crop', 'PRIMARY', 0);

-- BATCHES
insert into batch(id, variant_id, batch_number, mfg_date, expiry_date, quantity) values
 ('51163af8-5c63-495d-8adc-f56aad8f73d2', '3cbf90c3-0bb0-4da0-80b1-9c6f43cd8ddb', 'B-SKU-1000', date '2026-05-01', date '2026-12-01', 100),
 ('03d3614c-290b-4bdd-ac89-363db11f6299', '77498714-c4af-4e44-acf9-349d5a7a7f78', 'B-SKU-1001', date '2026-05-01', date '2026-12-01', 100),
 ('6f2cdbc2-f4c3-4e35-99a0-6e7652582e46', '26e5809c-723f-44e1-88b2-cef035bc3905', 'B-SKU-1002', date '2026-05-01', date '2026-12-01', 100),
 ('b000a0be-8d4c-48db-8140-96a8c02c8edd', 'b65f026a-4b45-46b6-8a68-b13d16a78921', 'B-SKU-1003', date '2026-05-01', date '2026-12-01', 100),
 ('96aef470-2959-4a81-b401-acda08d56d6d', '65ce287c-66e2-45bb-b17b-9f857e6461e6', 'B-SKU-1004', date '2026-05-01', date '2026-12-01', 100),
 ('eb5c34dc-c572-4e4e-a6c8-323b2d54aa8d', 'cbb8ff40-8c4d-4be1-bfc3-83e063e9e338', 'B-SKU-1005', date '2026-05-01', date '2026-12-01', 100),
 ('212a85aa-8035-4fe7-a823-ba85362c3237', 'd6a6a0dd-db8b-4ea4-9dbb-3e3721ea04ed', 'B-SKU-1006', date '2026-05-01', date '2026-12-01', 100),
 ('475047ff-b398-48cd-a4ac-f18fe27d889d', '903d9988-60c4-4f99-bc83-be87865dcfde', 'B-SKU-1007', date '2026-05-01', date '2026-12-01', 100),
 ('064bd392-8cc9-4313-b0d6-dea0e908d0d2', 'c213928f-f718-412b-bc01-dae282f6e21e', 'B-SKU-1008', date '2026-05-01', date '2026-12-01', 100),
 ('dad38262-4029-4a4a-adaf-35c56d6117a2', 'ce7b6b9e-4548-4a1d-8b03-1981db0dce2e', 'B-SKU-1009', date '2026-05-01', date '2026-12-01', 100),
 ('5e430f5b-1f5e-43ea-b579-750e808a37af', '8f3677db-0448-40e9-a501-7aa93121629c', 'B-SKU-1010', date '2026-05-01', date '2026-12-01', 100),
 ('afecbe0b-283d-48a5-b626-f9c90d443c7f', 'dc2a6166-0d55-42e6-915e-2e62ac1fa830', 'B-SKU-1011', date '2026-05-01', date '2026-12-01', 100),
 ('be03685f-fe2f-454c-8163-342a4140c61a', '44d9ed11-48d5-4df8-bbb4-4cf0247dbda1', 'B-SKU-1012', date '2026-05-01', date '2026-12-01', 100),
 ('1e10103f-bbff-4397-bd9a-994a0b68aa26', 'a179dca7-988a-4341-b60b-d0057fefa8ca', 'B-SKU-1013', date '2026-05-01', date '2026-12-01', 100),
 ('bfe57a29-0cd9-4bdc-8e7e-7a6611f62368', '163f14e9-a06a-448d-9329-4eb8bc435d3c', 'B-SKU-1014', date '2026-05-01', date '2026-12-01', 100),
 ('f347579a-2745-4373-87dd-28f4409e571c', '8f0e5286-fdef-439e-8c3a-8acc2d1a94a0', 'B-SKU-1015', date '2026-05-01', date '2026-12-01', 100),
 ('46d4c193-57ce-42bb-b876-a8c3d0c99095', '7ec78ed3-0813-411b-bd45-1e0b90656515', 'B-SKU-1016', date '2026-05-01', date '2026-12-01', 100),
 ('7c13aa3c-2dfc-47d4-be67-080178611ddf', 'e429a086-20ce-43fa-a5dd-a69e15b6e111', 'B-SKU-1017', date '2026-05-01', date '2026-12-01', 100),
 ('43d741a5-c8d4-4744-804d-42e794cbff1e', '5203046b-2750-4a28-9a4c-a6f5cc8c738c', 'B-SKU-1018', date '2026-05-01', date '2026-12-01', 100),
 ('a645f3c7-c5f4-4692-935f-ac7bbe8c31f6', 'd6c5e8f2-6a96-4ce5-a858-b5f644a8323e', 'B-SKU-1019', date '2026-05-01', date '2026-12-01', 100),
 ('823d6254-ad6d-46ef-93ea-adf164bee9c5', '3b3a81df-b183-43cb-9d2b-149a6d17fef2', 'B-SKU-1020', date '2026-05-01', date '2026-12-01', 100),
 ('7b0aa594-cabf-40a8-b8ae-462555e3d708', 'dd0e420e-7d23-441c-8481-045ce5ae2100', 'B-SKU-1021', date '2026-05-01', date '2026-12-01', 100),
 ('36ddffa7-7a37-487c-865e-40e7ae031f7c', 'ae6f88e1-f24f-4c3e-9551-2b4e52a8562b', 'B-SKU-1022', date '2026-05-01', date '2026-12-01', 100),
 ('1ca9254e-ce43-450b-ae74-220299c6ce4b', 'a8b2d2c0-879a-4a37-9239-2acdb15aff7c', 'B-SKU-1023', date '2026-05-01', date '2026-12-01', 100),
 ('29a8b143-a3a8-4c10-aab5-bfd01dba8fb5', 'ea110193-dee7-44fe-9967-7f00c2d9632f', 'B-SKU-1024', date '2026-05-01', date '2026-12-01', 100),
 ('e6b2caee-4f0d-4a42-81ab-cc928cf9ceaa', 'e5731717-f791-4def-b3de-0d3430b6b3e2', 'B-SKU-1025', date '2026-05-01', date '2026-12-01', 100),
 ('69145e93-b235-4c74-a06b-975f609388ef', '4cebc27f-8356-4c2a-8268-be253a47a38f', 'B-SKU-1026', date '2026-05-01', date '2026-12-01', 100),
 ('80890389-6d37-4719-bae1-64a8e020148a', '9c42ecc8-26e2-4cda-9601-31c91fa700b3', 'B-SKU-1027', date '2026-05-01', date '2026-12-01', 100),
 ('01922345-2440-4757-a607-909804faa0fb', '19793d68-e1bf-4b30-accb-7a18198acbcd', 'B-SKU-1028', date '2026-05-01', date '2026-12-01', 100),
 ('8bccc73c-1bad-43a4-9667-a872a0d5533c', '63afc370-32c2-4b6b-af2f-15d6f2131b00', 'B-SKU-1029', date '2026-05-01', date '2026-12-01', 100),
 ('d8c6a834-c322-44cc-a08a-300384714d31', '299c4e75-68b3-4557-b30b-733c8199a0d4', 'B-SKU-1030', date '2026-05-01', date '2026-12-01', 100),
 ('43ecabf4-2cfc-48d8-9829-aa13af27b5a4', 'f2df0245-36fc-44a1-85ae-e3857d3b0714', 'B-SKU-1031', date '2026-05-01', date '2026-12-01', 100),
 ('84209eab-0c72-4313-9e49-004ce29d24f0', '4e7050b1-a03b-4ddd-bade-f7993caccb19', 'B-SKU-1032', date '2026-05-01', date '2026-12-01', 100),
 ('4f516a98-c779-467f-8cd3-25a8f0694aa7', '873900c3-7e73-467f-85d0-5c4173682910', 'B-SKU-1033', date '2026-05-01', date '2026-12-01', 100),
 ('99349126-1b23-40af-b7df-103324dff4d9', '1308b3a9-c722-4bdf-8a95-484822605bdd', 'B-SKU-1034', date '2026-05-01', date '2026-12-01', 100),
 ('65a2c619-f895-4d37-aebf-39a34d4b20b5', 'b184667e-529c-47fd-8130-1dbc281326c0', 'B-SKU-1035', date '2026-05-01', date '2026-12-01', 100),
 ('91afcc09-cbc8-4959-b0bf-4b7f626c2009', 'a49d30f2-d36b-48e9-90b1-025f3ba8445c', 'B-SKU-1036', date '2026-05-01', date '2026-12-01', 100),
 ('59ba8cf8-3452-4e1d-841f-3a5d722a2375', '3c64c9fa-cfd3-4691-838f-be2fca0b7d43', 'B-SKU-1037', date '2026-05-01', date '2026-12-01', 100),
 ('d14ddb59-2007-4cf6-98a9-05dfcf089b10', '471ee8d3-a8e6-42c1-b570-b1ffb9e14f5f', 'B-SKU-1038', date '2026-05-01', date '2026-12-01', 100),
 ('40964f68-383a-4377-a9b7-98f316fc45d7', '4e000912-5e42-4f57-ac1f-e2d4e6eef659', 'B-SKU-1039', date '2026-05-01', date '2026-12-01', 100),
 ('46ef0ea2-6f7f-464e-92d2-0e1c748f22d6', 'e92941f4-a165-42e3-bdb0-2672752b5f32', 'B-SKU-1040', date '2026-05-01', date '2026-12-01', 100),
 ('478df554-c8e5-49ac-bac2-460daa40f5e1', '67d35a23-f09a-44dc-a137-8d444365d6d4', 'B-SKU-1041', date '2026-05-01', date '2026-12-01', 100),
 ('cde31e20-6bcf-4356-9205-7cdabdc7d3bc', '3cdd804d-a18b-4642-8251-092fc627b485', 'B-SKU-1042', date '2026-05-01', date '2026-12-01', 100),
 ('2a87deb1-8a59-4938-a6f5-b20819613cca', 'cb89fdfd-673e-44ba-ada9-0beac9105a2d', 'B-SKU-1043', date '2026-05-01', date '2026-12-01', 100),
 ('1ea96fad-5e9a-490c-9d14-0defe2fe1a0b', 'fbc51939-2c6f-4ef3-9baa-418a82c68a46', 'B-SKU-1044', date '2026-05-01', date '2026-12-01', 100),
 ('71e533a4-d5c3-47e0-849a-a44f827a55d1', '7fd9e941-90d1-4ca1-8567-5d675143999e', 'B-SKU-1045', date '2026-05-01', date '2026-12-01', 100),
 ('50d845ec-3039-469c-8a3e-d7c120ec5673', '44cae462-d88a-458e-9462-99268c7ece59', 'B-SKU-1046', date '2026-05-01', date '2026-12-01', 100),
 ('76446595-53be-4f14-a208-aae248505761', 'af3210af-a46e-4545-b40e-e3c70ca57a26', 'B-SKU-1047', date '2026-05-01', date '2026-12-01', 100),
 ('39c92b40-1d86-4fe2-a8a3-6c3a22d0045a', 'dfcfcedb-6fe3-4a2d-8471-bec7a5fc09ea', 'B-SKU-1048', date '2026-05-01', date '2026-12-01', 100),
 ('11353edc-4937-4219-8eb8-387aa0be8e85', '7729a18d-fc52-4bcc-b9b8-be9757406f1e', 'B-SKU-1049', date '2026-05-01', date '2026-12-01', 100),
 ('04448c22-fff1-443d-8d64-9ee95db0b7a7', 'e9d3779b-d22d-4d3b-aecb-23471688318a', 'B-SKU-1050', date '2026-05-01', date '2026-12-01', 100),
 ('585c943f-d76c-41b4-97df-50ee8e4019d9', '6d4c8466-a0a5-4686-a154-c81251f09965', 'B-SKU-1051', date '2026-05-01', date '2026-12-01', 100),
 ('f6fad6ed-7f4b-4405-a110-550426dc6ce9', 'ab503ffd-d789-4fb5-a840-8ecd7251c9c0', 'B-SKU-1052', date '2026-05-01', date '2026-12-01', 100),
 ('70c136f6-ccfd-41ab-aa85-83e20f780df5', 'f203538c-9b4d-4ac3-a7ab-a771845b323a', 'B-SKU-1053', date '2026-05-01', date '2026-12-01', 100),
 ('b78f6ffd-315d-4d09-88dd-d0ae3fcaf81a', '3b617764-1180-4696-8c55-106361045ebd', 'B-SKU-1054', date '2026-05-01', date '2026-12-01', 100),
 ('214880c4-6157-4348-ae9a-5d493174511f', 'c1b44b6c-9c84-405c-9b07-3fecdb64a643', 'B-SKU-1055', date '2026-05-01', date '2026-12-01', 100),
 ('1aba739f-a167-42ec-ba71-bb74bfb469f0', '5c97d6b1-cec6-4329-8d31-edb0b37870bc', 'B-SKU-1056', date '2026-05-01', date '2026-12-01', 100),
 ('1cfc9647-ea86-490b-8e14-ecb7d9446215', 'af1f24ad-9be8-4c19-bff2-3386a9c6657d', 'B-SKU-1057', date '2026-05-01', date '2026-12-01', 100);

-- MISCELLANEOUS
insert into bundle(name,slug,description,price) values
 ('Diabetic Starter Pack','diabetic-starter-pack','Curated sugar-free essentials for blood-sugar control.',699),
 ('Weight Management Pack','weight-management-pack','High-fiber, high-protein snacks to stay full.',749),
 ('Kids Healthy Snack Pack','kids-healthy-snack-pack','Tasty snacks parents can trust.',599),
 ('Office Snack Box','office-snack-box','Desk-friendly variety for the work week.',899),
 ('High Protein Pack','high-protein-pack','Protein-forward picks for active days.',799);

insert into delivery_zone(area,pincode,delivery_fee,min_order,eta_minutes) values
 ('Gachibowli','500032',29,199,40),
 ('Madhapur','500081',29,199,35),
 ('Banjara Hills','500034',39,249,45);

insert into coupon(code,type,value,min_order,active) values
 ('WELCOME10','PERCENT',10,199,true),
 ('FLAT50','FLAT',50,499,true);

insert into homepage_content(id,hero_title,hero_subtitle,hero_cta) values
 (1,'Guilt-Free Snacks, Delivered Fast','Sugar-free treats your body will thank you for.','Shop Originals');
